soal,versi-soal,prob_benar_menjawab,level,gpt,taksonomi_bloom
"Bagian dari bidang biologi yang membutuhkan penggunaan mikroskop, sebagai contoh",001v001,"0,20",3,"Bagian/NSD dari/R-- bidang/NSD biologi/NSD yang/S-- membutuhkan/VSA penggunaan/NSD mikroskop/NSD ,/Z-- sebagai/R-- contoh/NSD",C1-Mengingat
"Dalam studi biologi, penggunaan mikroskop diperlukan untuk mempelajari hal seperti",001v002,"0,73",1,"Dalam/R-- studi/NSD biologi/NSD ,/Z-- penggunaan/NSD mikroskop/X-- diperlukan/VSP untuk/R-- mempelajari/VSA hal/NSD seperti/R--",C1-Mengingat
"Ilmu biologi yang membutuhkan penggunaan mikroskop untuk mengkaji, sebagai contoh",001v003,"0,13",3,"Ilmu/NSD biologi/NSD yang/S-- membutuhkan/VSA penggunaan/NSD mikroskop/X-- untuk/R-- mengkaji/VSA ,/Z-- sebagai/R-- contoh/NSD",C1-Mengingat
Cabang biologi yang mendorong peneliti untuk menghasilkan bibit unggul melalui hibridisasi (persilangan) ,002v001,"0,65",2,Cabang/NSD biologi/NSD yang/S-- mendorong/VSA peneliti/NSD untuk/R-- menghasilkan/VSA bibit/NSD unggul/ASP melalui/R-- hibridisasi/X-- (/Z-- persilangan/NSD )/Z--,C2-Memahami
Cabang ilmu biologi yang menjadi dasar bagi peneliti dalam mengembangkan bibit unggul melalui teknik persilangan,002v002,"0,67",2,Cabang/NSD ilmu/NSD biologi/NSD yang/S-- menjadi/VSA dasar/NSD bagi/R-- peneliti/NSD dalam/R-- mengembangkan/VSA bibit/NSD unggul/ASP melalui/R-- teknik/NSD persilangan/NSD,C2-Memahami
Bidang biologi yang mendasari upaya para peneliti dalam meningkatkan produksi pangan melalui pengembangan bibit unggul menggunakan hibridisasi,002v003,"0,85",1,Bidang/NSD biologi/NSD yang/S-- mendasari/VSA upaya/NSD para/G-- peneliti/NSD dalam/R-- meningkatkan/VSA produksi/NSD pangan/NSD melalui/R-- pengembangan/NSD bibit/NSD unggul/ASP menggunakan/VSA hibridisasi/X--,C2-Memahami
Hal yang dipelajari dalam biologi untuk mengembangkan obat untuk flu burung (SARS) adalah,004v001,"0,53",2,Hal/NSD yang/S-- dipelajari/VSP dalam/R-- biologi/NSD untuk/R-- mengembangkan/VSA obat/NSD untuk/R-- flu/NSD burung/NSD (/Z-- SARS/X-- )/Z-- adalah/VSA,C2-Memahami
Komponen studi biologi yang diperlukan dalam pengembangan obat untuk flu burung (SARS) adalah,004v002,"0,25",3,Komponen/NSD studi/NSD biologi/NSD yang/S-- diperlukan/VSP dalam/R-- pengembangan/NSD obat/NSD untuk/R-- flu/NSD burung/NSD (/Z-- SARS/X-- )/Z-- adalah/VSA,C2-Memahami
Aspek biologi yang penting dalam upaya mengembangkan obat untuk flu burung (SARS) adalah,004v003,"0,44",2,Aspek/NSD biologi/NSD yang/S-- penting/ASP dalam/R-- upaya/NSD mengembangkan/VSA obat/NSD untuk/R-- flu/NSD burung/NSD (/Z-- SARS/X-- )/Z-- adalah/VSA,C2-Memahami
"Ada sejumlah kelompok belalang, semut, dan rumput sehingga terbentuk",005v001,"0,33",2,"Ada/VSA sejumlah/O-- kelompok/NSD belalang/NSD ,/Z-- semut/NSD ,/Z-- dan/CC- rumput/NSD sehingga/S-- terbentuk/VSP",C2-Memahami
"Terdapat kumpulan kelompok belalang, semut, dan rumput yang akan membentuk",005v002,"0,83",1,"Terdapat/VSA kumpulan/NSD kelompok/NSD belalang/NSD ,/Z-- semut/NSD ,/Z-- dan/CC- rumput/NSD yang/S-- akan/R-- membentuk/VSA",C2-Memahami
"Di suatu tempat terdapat kumpulan kelompok belalang,kelompok semut dan kelompok rumput. Kumpulan kelompok tersebut akan membentuk",005v003,"0,43",2,"Di/R-- suatu/NSD tempat/NSD terdapat/VSA kumpulan/NSD kelompok/NSD belalang/NSD ,/Z-- kelompok/NSD semut/NSD dan/CC- kelompok/NSD rumput/NSD ./Z-- Kumpulan/NSD kelompok/NSD tersebut/PRN akan/T-- membentuk/VSA",C2-Memahami
Pilihlah yang tidak termasuk dalam persiapan sebelum melakukan penelitian ilmiah,006v001,"0,36",2,Pilihlah/VSA PAD/PAD yang/S-- tidak/B-- termasuk/VSA dalam/R-- persiapan/NSD sebelum/R-- melakukan/VSA penelitian/NSD ilmiah/ASP,C1-Mengingat
Pilihlah mana yang bukan termasuk  hal yang disiapkan sebelum melakukan penelitian ilmiah,006v002,"0,67",2,Pilihlah/VSA PAD/PAD mana/Y-- yang/S-- bukan/B-- termasuk/VSA hal/NSD yang/S-- disiapkan/VSP sebelum/R-- melakukan/VSA penelitian/NSD ilmiah/ASP,C1-Mengingat
Mana yang tidak menjadi bagian dari persiapan sebelum melakukan penelitian ilmiah,006v003,"0,17",3,Mana/Y-- yang/S-- tidak/B-- menjadi/VSA bagian/NSD dari/R-- persiapan/NSD sebelum/R-- melakukan/VSA penelitian/NSD ilmiah/ASP,C1-Mengingat
"Di antara yang berikut ini, kegiatan manakah bukan termasuk dalam pengamatan",008v001,"0,77",1,"Di/R-- antara/R-- yang/S-- berikut/NSD ini/T-- ,/Z-- kegiatan/NSD manakah/H-- PAD/PAD bukan/B-- termasuk/VSA dalam/R-- pengamatan/NSD",C1-Mengingat
Mana di antara berikut yang bukan merupakan kegiatan pengamatan,008v002,"0,64",2,Mana/Y-- di/R-- antara/R-- berikut/NSD yang/S-- bukan/B-- merupakan/VSA kegiatan/NSD pengamatan/NSD,C1-Mengingat
Berikut ini yang bukan merupakan kegiatan observasi adalah,008v003,"0,50",2,Berikut/NSD ini/T-- yang/S-- bukan/B-- merupakan/VSA kegiatan/NSD observasi/NSD adalah/VSA,C1-Mengingat
"Pada penulisan makalah, terdapat bagian yang membahas pengolahan data yang disebut sebagai",009v001,"0,54",2,"Pada/R-- penulisan/NSD makalah/NSD ,/Z-- terdapat/VSA bagian/NSD yang/S-- membahas/VSA pengolahan/NSD data/NSD yang/S-- disebut/VSP sebagai/R--",C1-Mengingat
"Pada penulisan makalah terdapat bab yang membahas pengolahan data, yaitu bagian",009v002,"0,57",2,"Pada/R-- penulisan/NSD makalah/NSD terdapat/VSA bab/NSD yang/S-- membahas/VSA pengolahan/NSD data/NSD ,/Z-- yaitu/R-- bagian/NSD",C1-Mengingat
"Saat Anda menulis makalah, bagian yang membahas pengolahan data disebut",009v003,"0,75",1,"Saat/R-- Anda/G-- menulis/VSA makalah/NSD ,/Z-- bagian/NSD yang/S-- membahas/VSA pengolahan/NSD data/NSD disebut/VSP",C1-Mengingat
"Sampai saat ini, tidak ada obat untuk penyakit AIDS. Para ahli melakukan penelitian untuk memahami aktivitas Virus HIV di tingkat organisasi kehidupan, yaitu",010v001,"0,25",3,"Sampai/R-- saat/NSD ini/R-- ,/Z-- tidak/R-- ada/VSB obat/NSB untuk/R-- penyakit/NSB AIDS/NSB ./Z-- Para/PRN ahli/NSB melakukan/VSA penelitian/NSB untuk/R-- memahami/VSA aktivitas/NSB Virus/NSB HIV/NSB di/R-- tingkat/NSB organisasi/NSB kehidupan/NSB ,/Z-- yaitu/R--",C2-Memahami
"Saat ini, belum ada obat yang efektif untuk AIDS. Ahli sedang melakukan penelitian untuk memahami aktivitas Virus HIV pada tingkat kehidupan, yakni",010v002,"0,25",3,"Saat/R-- ini/T-- ,/Z-- belum/B-- ada/VSA obat/NSD yang/S-- efektif/ASP untuk/R-- AIDS/X-- ./Z-- Ahli/NSD sedang/B-- melakukan/VSA penelitian/NSD untuk/R-- memahami/VSA aktivitas/NSD Virus/X-- HIV/X-- pada/R-- tingkat/NSD kehidupan/NSD ,/Z-- yakni/R--",C2-Memahami
"Sampai sekarang, belum ada obat yang tersedia untuk AIDS. Penelitian sedang dilakukan oleh para ahli untuk memahami aktivitas Virus HIV di tingkat organisasi kehidupan, yaitu",010v003,"0,57",2,"Sampai/R-- sekarang/T-- ,/Z-- belum/B-- ada/VSA obat/NSD yang/S-- tersedia/ASP untuk/R-- AIDS/X-- ./Z-- Penelitian/NSD sedang/B-- dilakukan/VSP oleh/R-- para/G-- ahli/NSD untuk/R-- memahami/VSA aktivitas/NSD Virus/X-- HIV/X-- di/R-- tingkat/NSD organisasi/NSD kehidupan/NSD ,/Z-- yaitu/R--",C2-Memahami
Dinding sel bakteri terbuat dari campuran polisakarida dan protein. Campuran ini disebut dengan,011v001,"0,77",1,Dinding/NSD sel/NSD bakteri/NSD terbuat/VSP dari/R-- campuran/NSD polisakarida/X-- dan/CC- protein/X-- ./Z-- Campuran/NSD ini/T-- disebut/VSP dengan/R--,C1-Mengingat
Dinding sel bakteri terbentuk dari kombinasi polisakarida dan protein. Kombinasi ini dikenal sebagai,011v002,"0,67",2,Dinding/NSD sel/NSD bakteri/NSD terbentuk/VSP dari/R-- kombinasi/NSD polisakarida/X-- dan/CC- protein/X-- ./Z-- Kombinasi/NSD ini/T-- dikenal/VSP sebagai/R--,C1-Mengingat
Dinding sel bakteri terdiri dari polisakarida dan protein yang bergabung. Gabungan ini disebut,011v003,"0,33",2,Dinding/NSD sel/NSD bakteri/NSD terdiri/VSA dari/R-- polisakarida/X-- dan/CC- protein/X-- yang/S-- bergabung/VSA ./Z-- Gabungan/NSD ini/T-- disebut/VSP,C1-Mengingat
Film Hollywood terkenal Jurassic Park bercerita tentang kehidupan hewan purba. Ilmu biologi yang digunakan adalah,012v001,"0,53",2,Film/NSD Hollywood/X-- terkenal/ASP Jurassic/X-- Park/X-- bercerita/VSA tentang/R-- kehidupan/NSD hewan/NSD purba/ASP ./Z-- Ilmu/NSD biologi/NSD yang/S-- digunakan/VSP adalah/VSA,C2-Memahami
Pembuatan film Jurassic Park yang terkenal di Hollywood menceritakan tentang hewan-hewan purba. Ilmu biologi yang terlibat adalah,012v002,"0,17",3,Pembuatan/NSD film/NSD Jurassic/X-- Park/X-- yang/S-- terkenal/ASP di/R-- Hollywood/X-- menceritakan/VSA tentang/R-- hewan-hewan/NSD PAD/PAD PAD/PAD purba/ASP ./Z-- Ilmu/NSD biologi/NSD yang/S-- terlibat/VSP adalah/VSA,C2-Memahami
"Jurassic Park, film Hollywood terkenal, mengisahkan kehidupan hewan purba. Ilmu biologi yang berperan adalah",012v003,"0,50",2,"Jurassic/X-- Park/X-- ,/Z-- film/NSD Hollywood/X-- terkenal/ASP ,/Z-- mengisahkan/VSA kehidupan/NSD hewan/NSD purba/ASP ./Z-- Ilmu/NSD biologi/NSD yang/S-- berperan/VSA adalah/VSA",C2-Memahami
Manfaat biologi di bidang peternakan adalah,014v001,"0,39",2,Manfaat/NSD biologi/NSD di/R-- bidang/NSD peternakan/NSD adalah/VSA,C1-Mengingat
Berikut manfaat biologi di bidang peternakan adalah,014v002,"0,07",3,Berikut/NSD manfaat/NSD biologi/NSD di/R-- bidang/NSD peternakan/NSD adalah/VSA,C1-Mengingat
Biologi memberikan manfaat berikut dalam peternakan,014v003,"0,83",1,Biologi/NSD memberikan/VSA manfaat/NSD berikut/NSD dalam/R-- peternakan/NSD,C1-Mengingat
Peneliti mengamati perilaku harimau Sumatera. Pengamatan ini dilakukan pada tingkat,015v001,"0,39",2,Peneliti/NSD mengamati/VSA perilaku/NSD harimau/NSD Sumatera/X-- ./Z-- Pengamatan/NSD ini/T-- dilakukan/VSP pada/R-- tingkat/NSD,C2-Memahami
Sekelompok peneliti melakukan pengamatan terhadap perilaku sekumpulan harimau Sumatera (Panthera tigris sumatrae). Pengamatan yang dilakukan oleh sekelompok ini dilakukan pada tingkat,015v002,"0,67",2,Sekelompok/NSD peneliti/NSD melakukan/VSA pengamatan/NSD terhadap/R-- perilaku/NSD sekumpulan/NSD harimau/NSD Sumatera/X-- (/Z-- Panthera/X-- tigris/X-- sumatrae/X-- )/Z-- ./Z-- Pengamatan/NSD yang/S-- dilakukan/VSP oleh/R-- sekelompok/NSD ini/T-- dilakukan/VSP pada/R-- tingkat/NSD,C2-Memahami
Peneliti mempelajari perilaku harimau Sumatera. Studi ini dilakukan pada tingkat,015v003,"0,67",2,Peneliti/NSD mempelajari/VSA perilaku/NSD harimau/NSD Sumatera/X-- ./Z-- Studi/NSD ini/T-- dilakukan/VSP pada/R-- tingkat/NSD,C2-Memahami
Tumbuhan yang termasuk dalam tingkatan satu gen adalah,018v001,"0,57",2,Tumbuhan/NSD yang/S-- termasuk/VSA dalam/R-- tingkatan/NSD satu/O-- gen/NSD adalah/VSA,C1-Mengingat
Kelompok tumbuhan yang merupakan tingkatan satu gen adalah,018v002,"0,71",1,Kelompok/NSD tumbuhan/NSD yang/S-- merupakan/VSA tingkatan/NSD satu/O-- gen/NSD adalah/VSA  ,C1-Mengingat
Kelompok tumbuhan di tingkatan satu gen adalah,018v003,"0,50",2,Kelompok/NSD tumbuhan/NSD di/R-- tingkatan/NSD satu/O-- gen/NSD adalah/VSA  ,C1-Mengingat
Beberapa bakteri hidup bebas di lingkungan dan bisa membuat makanannya sendiri. Sifat hidup seperti ini disebut,022v001,"0,59",2,Beberapa/O-- bakteri/NSD hidup/VSA bebas/ASP di/R-- lingkungan/NSD dan/CC- bisa/VSA membuat/VSA makanannya/NSD PAD/PAD sendiri/ASP ./Z-- Sifat/NSD hidup/VSA seperti/R-- ini/T-- disebut/VSP  ,C1-Mengingat
Bakteri tertentu dapat hidup bebas di lingkungan dan membuat makanannya sendiri. Sifat hidup seperti ini disebut,022v002,"0,60",2,Bakteri/NSD tertentu/ASP dapat/VSA hidup/VSA bebas/ASP di/R-- lingkungan/NSD dan/CC- membuat/VSA makanannya/NSD PAD/PAD sendiri/ASP ./Z-- Sifat/NSD hidup/VSA seperti/R-- ini/T-- disebut/VSP  ,C1-Mengingat
Sebagian bakteri hidup bebas di lingkungan dan dapat menyintesis makanannya sendiri. Sifat hidup seperti ini disebut,022v003,"0,86",1,Sebagian/O-- bakteri/NSD hidup/VSA bebas/ASP di/R-- lingkungan/NSD dan/CC- dapat/VSA menyintesis/VSA makanannya/NSD PAD/PAD sendiri/ASP ./Z-- Sifat/NSD hidup/VSA seperti/R-- ini/T-- disebut/VSP  ,C1-Mengingat
Bakteri ini membantu dalam pertanian dengan hidup bersama akar tumbuhan kacang-kacangan. Bakteri ini adalah,028v001,"0,36",2,Bakteri/NSD ini/T-- membantu/VSA dalam/R-- pertanian/NSD dengan/R-- hidup/VSA bersama/R-- akar/NSD tumbuhan/NSD kacang-kacangan/NSD PAD/PAD PAD/PAD ./Z-- Bakteri/NSD ini/T-- adalah/VSA  ,C1-Mengingat
Bakteri ini berkolaborasi dengan akar tumbuhan kacang-kacangan untuk meningkatkan hasil pertanian. Bakteri ini disebut,028v002,"0,50",2,Bakteri/NSD ini/T-- berkolaborasi/VSA dengan/R-- akar/NSD tumbuhan/NSD kacang-kacangan/NSD PAD/PAD PAD/PAD untuk/R-- meningkatkan/VSA hasil/NSD pertanian/NSD ./Z-- Bakteri/NSD ini/T-- disebut/VSP  ,C1-Mengingat
Bakteri ini bekerja sama dengan akar tumbuhan kacang-kacangan untuk memperbaiki hasil pertanian. Bakteri ini adalah,028v003,"0,29",3,Bakteri/NSD ini/T-- bekerja/VSA sama/ASP dengan/R-- akar/NSD tumbuhan/NSD kacang-kacangan/NSD PAD/PAD PAD/PAD untuk/R-- memperbaiki/VSA hasil/NSD pertanian/NSD ./Z-- Bakteri/NSD ini/T-- adalah/VSA,C1-Mengingat
Hewan-hewan yang termasuk dalam fauna tipe Australis adalah,030v001,"0,67",2,Hewan-hewan/NSD PAD/PAD PAD/PAD yang/S-- termasuk/VSA dalam/R-- fauna/NSD tipe/NSD Australis/X-- adalah/VSA  ,C1-Mengingat
Contoh hewan yang merupakan bagian dari fauna tipe Australis adalah,030v002,"0,60",2,Contoh/NSD hewan/NSD yang/S-- merupakan/VSA bagian/NSD dari/R-- fauna/NSD tipe/NSD Australis/X-- adalah/VSA  ,C1-Mengingat
Fauna tipe Australis mencakup hewan-hewan seperti,030v003,"1,00",1,Fauna/NSD tipe/NSD Australis/X-- mencakup/VSA hewan-hewan/NSD PAD/PAD PAD/PAD seperti/R--  ,C1-Mengingat
Garis yang membatasi jenis hewan di Indonesia bagian timur dari bagian tengah adalah,031v001,"0,43",2,Garis/NSD yang/S-- membatasi/VSA jenis/NSD hewan/NSD di/R-- Indonesia/X-- bagian/NSD timur/NSD dari/R-- bagian/NSD tengah/NSD adalah/VSA  ,C1-Mengingat
Garis yang memisahkan jenis hewan di timur dan tengah Indonesia adalah,031v002,"0,67",2,Garis/NSD yang/S-- memisahkan/VSA jenis/NSD hewan/NSD di/R-- timur/NSD dan/CC- tengah/NSD Indonesia/X-- adalah/VSA  ,C1-Mengingat
Garis pemisah antara fauna (hewan) di Indonesia bagian timur dan bagian tengah adalah,031v003,"0,60",2,Garis/NSD pemisah/NSD antara/R-- fauna/NSD (/Z-- hewan/NSD )/Z-- di/R-- Indonesia/X-- bagian/NSD timur/NSD dan/CC- bagian/NSD tengah/NSD adalah/VSA  ,C1-Mengingat
Tanaman yang khas di Indonesia bagian Timur termasuk,032v001,"0,36",2,Tanaman/NSD yang/S-- khas/ASP di/R-- Indonesia/X-- bagian/NSD Timur/X-- termasuk/VSA  ,C1-Mengingat
Flora yang khas di wilayah Timur Indonesia meliputi,032v002,"0,25",3,Flora/NSD yang/S-- khas/ASP di/R-- wilayah/NSD Timur/X-- Indonesia/X-- meliputi/VSA  ,C1-Mengingat
Tanaman-tanaman yang khas di bagian Timur Indonesia adalah,032v003,"0,22",3,Tanaman-tanaman/NSD PAD/PAD PAD/PAD yang/S-- khas/ASP di/R-- bagian/NSD Timur/X-- Indonesia/X-- adalah/VSA  ,C1-Mengingat
Pilihlah aktivitas manusia yang tidak bisa menyebabkan punahnya hewan atau tumbuhan,033v001,"0,58",2,Pilihlah/VSA PAD/PAD aktivitas/NSD manusia/NSD yang/S-- tidak/B-- bisa/VSA menyebabkan/VSA punahnya/NSD PAD/PAD hewan/NSD atau/CC- tumbuhan/NSD  ,C2-Memahami
Mana di antara aktivitas manusia berikut yang tidak dapat menyebabkan punahnya hewan atau tumbuhan,033v002,"0,57",2,Mana/H-- di/R-- antara/R-- aktivitas/NSD manusia/NSD berikut/NSD yang/S-- tidak/B-- dapat/VSA menyebabkan/VSA punahnya/NSD PAD/PAD hewan/NSD atau/CC- tumbuhan/NSD ,C2-Memahami
Pilihlah aktivitas manusia yang tidak berpotensi menyebabkan punahnya hewan atau tumbuhan,033v003,"0,50",2,Pilihlah/VSA PAD/PAD aktivitas/NSD manusia/NSD yang/S-- tidak/B-- berpotensi/VSA menyebabkan/VSA punahnya/NSD PAD/PAD hewan/NSD atau/CC- tumbuhan/NSD  ,C2-Memahami
Salah satu cara untuk menjaga keanekaragaman hayati adalah,034v001,"0,41",2,Salah/ASP satu/O-- cara/NSD untuk/R-- menjaga/VSA keanekaragaman/NSD hayati/NSD adalah/VSA  ,C1-Mengingat
Cara untuk menjaga keanekaragaman hayati adalah,034v002,"0,90",1,Cara/NSD untuk/R-- menjaga/VSA keanekaragaman/NSD hayati/NSD adalah/VSA  ,C1-Mengingat
Upaya untuk mempertahankan keanekaragaman hayati adalah,034v003,"0,40",2,Upaya/NSD untuk/R-- mempertahankan/VSA keanekaragaman/NSD hayati/NSD adalah/VSA  ,C1-Mengingat
Hal-hal yang membentuk keanekaragaman sifat manusia adalah,035v001,"0,41",2,Hal-hal/NSD PAD/PAD PAD/PAD yang/S-- membentuk/VSA keanekaragaman/NSD sifat/NSD manusia/NSD adalah/VSA  ,C1-Mengingat
Faktor-faktor yang membentuk perbedaan sifat termasuk,036v002,"0,38",2,Faktor-faktor/NSD PAD/PAD PAD/PAD yang/S-- membentuk/VSA perbedaan/NSD sifat/NSD termasuk/VSA  ,C1-Mengingat
Apa saja yang membentuk keanekaragaman adalah,036v003,"0,75",1,Apa/H-- saja/B-- yang/S-- membentuk/VSA keanekaragaman/NSD adalah/VSA  ,C1-Mengingat
Dua individu dalam satu jenis memiliki faktor genetik yang sama tetapi memiliki ciri-ciri fisik yang berbeda. Hal ini bisa disebabkan oleh,037v001,"0,19",3,Dua/O-- individu/NSD dalam/R-- satu/O-- jenis/NSD memiliki/VSA faktor/NSD genetik/ASP yang/S-- sama/ASP tetapi/CC- memiliki/VSA ciri-ciri/NSD PAD/PAD PAD/PAD fisik/ASP yang/S-- berbeda/ASP ./Z-- Hal/NSD ini/T-- bisa/VSA disebabkan/VSP oleh/R--  ,C2-Memahami
Faktor genetik yang sama pada dua individu dari satu jenis namun dengan fenotip yang berbeda bisa disebabkan oleh,037v002,"0,80",1,Faktor/NSD genetik/ASP yang/S-- sama/ASP pada/R-- dua/O-- individu/NSD dari/R-- satu/O-- jenis/NSD namun/CC- dengan/R-- fenotip/NSD yang/S-- berbeda/ASP bisa/VSA disebabkan/VSP oleh/R--  ,C2-Memahami
Alasan dua individu dari satu jenis memiliki genetika yang serupa tetapi fenotip yang berbeda bisa karena,037v003,"0,57",2,Alasan/NSD dua/O-- individu/NSD dari/R-- satu/O-- jenis/NSD memiliki/VSA genetika/NSD yang/S-- serupa/ASP tetapi/CC- fenotip/NSD yang/S-- berbeda/ASP bisa/VSA karena/R--  ,C2-Memahami
Contoh tingkat keanekaragaman jenis adalah,038v001,"0,77",1,Contoh/NSD tingkat/NSD keanekaragaman/NSD jenis/NSD adalah/VSA  ,C1-Mengingat
Kelompok yang merupakan tingkatan keanekaragaman jenis adalah,038v002,"0,63",2,Kelompok/NSD yang/S-- merupakan/VSA tingkatan/NSD keanekaragaman/NSD jenis/NSD adalah/VSA  ,C1-Mengingat
Contoh keanekaragaman jenis adalah,038v003,"0,75",1,Contoh/NSD keanekaragaman/NSD jenis/NSD adalah/VSA  ,C1-Mengingat
"Ekosistem di darat dengan curah hujan sedikit, penguapan tinggi, tanaman berdaun kecil dan jarum, serta hewan reptil, disebut sebagai",039v001,"0,27",3,"Ekosistem/NSD di/R-- darat/NSD dengan/R-- curah/NSD hujan/NSD sedikit/ASP ,/Z-- penguapan/NSD tinggi/ASP ,/Z-- tanaman/NSD berdaun/VSA kecil/ASP dan/CC- jarum/NSD ,/Z-- serta/CC- hewan/NSD reptil/NSD ,/Z-- disebut/VSP sebagai/R--  ",C1-Mengingat
"Bioma yang terdapat di darat dengan sedikit hujan, banyak penguapan, tanaman kecil berdaun jarum, dan hewan seperti reptil, dikenal sebagai",039v002,"0,63",2,"Bioma/NSD yang/S-- terdapat/VSA di/R-- darat/NSD dengan/R-- sedikit/ASP hujan/NSD ,/Z-- banyak/ASP penguapan/NSD ,/Z-- tanaman/NSD kecil/ASP berdaun/VSA jarum/NSD ,/Z-- dan/CC- hewan/NSD seperti/R-- reptil/NSD ,/Z-- dikenal/VSP sebagai/R--  ",C2-Memahami
"Di darat, ekosistem dengan sedikit hujan, banyak penguapan, tanaman kecil berdaun jarum, dan reptil adalah contoh dari",039v003,"0,50",2,"Di/R-- darat/NSD ,/Z-- ekosistem/NSD dengan/R-- sedikit/ASP hujan/NSD ,/Z-- banyak/ASP penguapan/NSD ,/Z-- tanaman/NSD kecil/ASP berdaun/VSA jarum/NSD ,/Z-- dan/CC- reptil/NSD adalah/VSA contoh/NSD dari/R--  ",C2-Memahami
Tanaman Melanesia yang sering ditemukan di wilayah Indonesia Timur adalah,044v001,"0,53",2,Tanaman/NSD Melanesia/NSD yang/S-- sering/B-- ditemukan/VSP di/R-- wilayah/NSD Indonesia/NSD Timur/NSD adalah/VSA  ,C1-Mengingat
Flora Melanesia yang banyak ada di bagian timur Indonesia adalah,044v002,"0,67",2,Flora/NSD Melanesia/NSD yang/S-- banyak/B-- ada/VSA di/R-- bagian/NSD timur/NSD Indonesia/NSD adalah/VSA  ,C1-Mengingat
Tanaman-tanaman Melanesia yang tersebar luas di wilayah Indonesia Timur adalah,044v003,"0,40",2,Tanaman-tanaman/NSD PAD/PAD PAD/PAD Melanesia/NSD yang/S-- tersebar/VSP luas/ASP di/R-- wilayah/NSD Indonesia/NSD Timur/NSD adalah/VSA  ,C1-Mengingat
Hewan-hewan khas Indonesia contohnya,045v001,"0,57",2,Hewan-hewan/NSD PAD/PAD PAD/PAD khas/ASP Indonesia/NSD contoh/NSD -nya/G--  ,C1-Mengingat
Fauna unik yang hidup secara alami di Indonesia seperti,045v002,"0,40",2,Fauna/NSD unik/ASP yang/S-- hidup/VSA secara/B-- alami/ASP di/R-- Indonesia/NSD seperti/R--  ,C1-Mengingat
Hewan endemik yang ada di Indonesia,045v003,"0,43",2,Hewan/NSD endemik/ASP yang/S-- ada/VSA di/R-- Indonesia/NSD  ,C1-Mengingat
Sistem klasifikasi yang memperhitungkan hubungan kekerabatan adalah,047v001,"0,47",2,Sistem/NSD klasifikasi/NSD yang/S-- memperhitungkan/VSA hubungan/NSD kekerabatan/NSD adalah/VSA  ,C1-Mengingat
Cara klasifikasi yang memperhatikan hubungan kekerabatan disebut sebagai,047v002,"0,40",2,Cara/NSD klasifikasi/NSD yang/S-- memperhatikan/VSA hubungan/NSD kekerabatan/NSD disebut/VSP sebagai/R--  ,C1-Mengingat
Sistem klasifikasi dengan memperhatikan hubungan kekerabatan disebut,047v003,"0,57",2,Sistem/NSD klasifikasi/NSD dengan/R-- memperhatikan/VSA hubungan/NSD kekerabatan/NSD disebut/VSP  ,C1-Mengingat
Sistem klasifikasi pertama yang dikembangkan oleh ilmuwan adalah,050v001,"0,40",2,Sistem/NSD klasifikasi/NSD pertama/O-- yang/S-- dikembangkan/VSP oleh/R-- ilmuwan/NSD adalah/VSA  ,C1-Mengingat
Sistem klasifikasi awal yang dikembangkan oleh ilmuwan adalah,050v002,"0,50",2,Sistem/NSD klasifikasi/NSD awal/ASP yang/S-- dikembangkan/VSP oleh/R-- ilmuwan/NSD adalah/VSA  ,C1-Mengingat
Sistem klasifikasi pertama yang dikembangkan oleh ilmuwan adalah,050v003,"0,00",3,Sistem/NSD klasifikasi/NSD pertama/O-- yang/S-- dikembangkan/VSP oleh/R-- ilmuwan/NSD adalah/VSA  ,C1-Mengingat
"Sistem pengelompokan dapat disederhanakan dengan mempertimbangkan manfaatnya. Misalnya, tanaman seperti bunga mawar, melati, kuping gajah, dan aglonema dapat dikelompokkan bersama",058v001,"0,65",2,"Sistem/NSD pengelompokan/NSD dapat/VSA disederhanakan/VSP dengan/R-- mempertimbangkan/VSA manfaatnya/NSD PAD/PAD ./Z-- Misalnya/Y-- PAD/PAD ,/Z-- tanaman/NSD seperti/R-- bunga/NSD mawar/NSD ,/Z-- melati/NSD ,/Z-- kuping/NSD gajah/NSD ,/Z-- dan/CC- aglonema/NSD dapat/VSA dikelompokkan/VSP bersama/B--  ",C2-Memahami
"Pengklasifikasian sederhana dapat dilakukan berdasarkan manfaatnya. Sebagai contoh, tanaman seperti bunga mawar, melati, kuping gajah, dan aglonema dapat ditempatkan dalam satu kelompok",058v002,"1,00",1,"Pengklasifikasian/NSD sederhana/ASP dapat/VSA dilakukan/VSP berdasarkan/R-- manfaatnya/NSD PAD/PAD ./Z-- Sebagai/R-- contoh/NSD ,/Z-- tanaman/NSD seperti/R-- bunga/NSD mawar/NSD ,/Z-- melati/NSD ,/Z-- kuping/NSD gajah/NSD ,/Z-- dan/CC- aglonema/NSD dapat/VSA ditempatkan/VSP dalam/R-- satu/O-- kelompok/NSD  ",C2-Memahami
"Sistem klasifikasi bisa lebih mudah dengan memperhatikan kegunaannya. Contohnya, tanaman seperti bunga mawar, melati, kuping gajah, dan aglonema dapat diatur dalam satu kelompok",058v003,"1,00",1,"Sistem/NSD klasifikasi/NSD bisa/VSA lebih/B-- mudah/ASP dengan/R-- memperhatikan/VSA kegunaannya/NSD PAD/PAD ./Z-- Contohnya/NSD PAD/PAD ,/Z-- tanaman/NSD seperti/R-- bunga/NSD mawar/NSD ,/Z-- melati/NSD ,/Z-- kuping/NSD gajah/NSD ,/Z-- dan/CC- aglonema/NSD dapat/VSA diatur/VSP dalam/R-- satu/O-- kelompok/NSD  ",C2-Memahami
"Perhatikan beberapa hewan berikut : 1) Gorilla,  2) Kuda, 3) Kambing, 4) Orang utan, 5) Keledai, 6) Simpanse. Berdasarkan filogenik hubungan kekerabatan yang paling dekat adalah",059v001,"0,85",1,"Perhatikan/VSA beberapa/O-- hewan/NSD berikut/ASP :/Z-- 1)/O-- PAD/PAD Gorilla/NSD ,/Z-- 2)/O-- PAD/PAD Kuda/NSD ,/Z-- 3)/O-- PAD/PAD Kambing/NSD ,/Z-- 4)/O-- PAD/PAD Orang/NSD utan/X-- ,/Z-- 5)/O-- PAD/PAD Keledai/NSD ,/Z-- 6)/O-- PAD/PAD Simpanse/NSD ./Z-- Berdasarkan/R-- filogenik/NSD hubungan/NSD kekerabatan/NSD yang/S-- paling/ASP dekat/ASP adalah/VSP  ",C4-Menganalisis
"Hewan dengan hubungan kekerabatan terdekat adalah 1) Gorilla,  2) Kuda, 3) Kambing, 4) Orang utan, 5) Keledai, 6) Simpanse. ",059v002,"0,90",1,"Hewan/NSD dengan/R-- hubungan/NSD kekerabatan/NSD terdekat/ASP adalah/VSP 1)/O-- PAD/PAD Gorilla/NSD ,/Z-- 2)/O-- PAD/PAD Kuda/NSD ,/Z-- 3)/O-- PAD/PAD Kambing/NSD ,/Z-- 4)/O-- PAD/PAD Orang/NSD utan/X-- ,/Z-- 5)/O-- PAD/PAD Keledai/NSD ,/Z-- 6)/O-- PAD/PAD Simpanse/NSD ./Z--",C4-Menganalisis
"Menurut filogeni, hewan yang paling dekat kekerabatannya adalah: 1) Gorilla,  2) Kuda, 3) Kambing, 4) Orang utan, 5) Keledai, 6) Simpanse. ",059v003,"0,58",2,"Menurut/R-- filogeni/NSD ,/Z-- hewan/NSD yang/S-- paling/ASP dekat/ASP kekerabatannya/NSD PAD/PAD adalah/VSP :/Z-- 1)/O-- PAD/PAD Gorilla/NSD ,/Z-- 2)/O-- PAD/PAD Kuda/NSD ,/Z-- 3)/O-- PAD/PAD Kambing/NSD ,/Z-- 4)/O-- PAD/PAD Orang/NSD utan/X-- ,/Z-- 5)/O-- PAD/PAD Keledai/NSD ,/Z-- 6)/O-- PAD/PAD Simpanse/NSD ./Z--  ",C4-Menganalisis
Generasi sporofit pada tumbuhan lumut menghasilkan,062v001,"0,38",2,Generasi/NSD sporofit/NSD pada/R-- tumbuhan/NSD lumut/NSD menghasilkan/VSA  ,C1-Mengingat
Sporofit pada tumbuhan lumut adalah generasi yang membuat,062v002,"0,50",2,Sporofit/NSD pada/R-- tumbuhan/NSD lumut/NSD adalah/VSP generasi/NSD yang/S-- membuat/VSA  ,C1-Mengingat
"Pada tumbuhan lumut, sporofit adalah generasi yang menghasilkan",062v003,"0,71",1,"Pada/R-- tumbuhan/NSD lumut/NSD ,/Z-- sporofit/NSD adalah/VSP generasi/NSD yang/S-- menghasilkan/VSA  ",C1-Mengingat
"Tumbuhan lumut memiliki sistem reproduksi dalam satu pohon, yang berarti",064v001,"0,46",2,"Tumbuhan/NSD lumut/NSD memiliki/VSA sistem/NSD reproduksi/NSD dalam/R-- satu/O-- pohon/NSD ,/Z-- yang/S-- berarti/VSA  ",C2-Memahami
"Tumbuhan lumut ada yang berumah satu, artinya ",064v002,"0,14",3,"Tumbuhan/NSD lumut/NSD ada/VSA yang/S-- berumah/NSD satu/O-- ,/Z-- artinya/VSP PAD/PAD",C2-Memahami
Sistem reproduksi tumbuhan lumut adalah,064v003,"0,25",3,Sistem/NSD reproduksi/NSD tumbuhan/NSD lumut/NSD adalah/VSP  ,C1-Mengingat
"Pada tumbuhan lumut, bagian yang bertanggung jawab untuk menyerap air dan mineral adalah",067v001,"0,35",2,"Pada/R-- tumbuhan/NSD lumut/NSD ,/Z-- bagian/NSD yang/S-- bertanggung/ASP jawab/ASP untuk/R-- menyerap/VSA air/NSD dan/CC- mineral/NSD adalah/VSP  ",C1-Mengingat
"Di tumbuhan lumut, yang berperan untuk menyerap air dan mineral adalah",067v002,"0,50",2,"Di/R-- tumbuhan/NSD lumut/NSD ,/Z-- yang/S-- berperan/VSA untuk/R-- menyerap/VSA air/NSD dan/CC- mineral/NSD adalah/VSP  ",C1-Mengingat
"Pada tumbuhan lumut, yang melaksanakan fungsi menyerap air dan mineral adalah",067v003,"0,71",1,"Pada/R-- tumbuhan/NSD lumut/NSD ,/Z-- yang/S-- melaksanakan/VSA fungsi/NSD menyerap/VSA air/NSD dan/CC- mineral/NSD adalah/VSP  ",C1-Mengingat
Bagian dari tumbuhan Pteridophyta yang menunjukkan perkembangan lebih maju dibandingkan tumbuhan Bryophyta adalah,070v001,"0,29",3,Bagian/NSD dari/R-- tumbuhan/NSD Pteridophyta/NSD yang/S-- menunjukkan/VSA perkembangan/NSD lebih/B-- maju/ASP dibandingkan/VSP tumbuhan/NSD Bryophyta/NSD adalah/VSB,C2-Memahami
Bagian tumbuhan Pteridophyta yang menunjukkan kemajuan lebih lanjut dibandingkan dengan tumbuhan Bryophyta adalah,070v002,"0,29",3,Bagian/NSD tumbuhan/NSD Pteridophyta/NSD yang/S-- menunjukkan/VSA kemajuan/NSD lebih/B-- lanjut/ASP dibandingkan/VSP dengan/R-- tumbuhan/NSD Bryophyta/NSD adalah/VSB,C2-Memahami
"Di tumbuhan Pteridophyta, bagian yang menunjukkan tingkat perkembangan lebih maju daripada tumbuhan Bryophyta adalah",070v003,"0,25",3,"Di/R-- tumbuhan/NSD Pteridophyta/NSD ,/Z-- bagian/NSD yang/S-- menunjukkan/VSA tingkat/NSD perkembangan/NSD lebih/B-- maju/ASP daripada/R-- tumbuhan/NSD Bryophyta/NSD adalah/VSB",C2-Memahami
"Fase-fase dalam perkembangbiakan tumbuhan paku yang urut adalah : 1) tumbuhan paku dengan sporangium, 2) protalium, 3) spora, 4) zigot, 5) embrio, 6) tumbuhan paku muda",072v001,"0,36",2,"Fase-fase/NSD PAD/PAD PAD/PAD dalam/R-- perkembangbiakan/NSD tumbuhan/NSD paku/NSD yang/S-- urut/ASP adalah/VSB :/Z-- 1/O-- )/Z-- tumbuhan/NSD paku/NSD dengan/R-- sporangium/NSD ,/Z-- 2/O-- )/Z-- protalium/NSD ,/Z-- 3/O-- )/Z-- spora/NSD ,/Z-- 4/O-- )/Z-- zigot/NSD ,/Z-- 5/O-- )/Z-- embrio/NSD ,/Z-- 6/O-- )/Z-- tumbuhan/NSD paku/NSD muda/ASP",C4-Menganalisis
"Ditemukan fase-fase dari perkembangbiakan tumbuhan paku adalah seperti berikut.1) tumbuhan paku dengan sporangium, 2)protalium, 3)spora, 4)zigot, 5)embrio, 6)tumbuhan paku muda. Dari fase-fase perkembangbiakan paku tersebut dapat disusun secara urut adalah",072v002,"0,29",3,"Ditemukan/VSP fase-fase/NSD PAD/PAD PAD/PAD dari/R-- perkembangbiakan/NSD tumbuhan/NSD paku/NSD adalah/VSB seperti/B-- berikut/ASP ./Z-- 1/O-- )/Z-- tumbuhan/NSD paku/NSD dengan/R-- sporangium/NSD ,/Z-- 2/O-- )/Z-- protalium/NSD ,/Z-- 3/O-- )/Z-- spora/NSD ,/Z-- 4/O-- )/Z-- zigot/NSD ,/Z-- 5/O-- )/Z-- embrio/NSD ,/Z-- 6/O-- )/Z-- tumbuhan/NSD paku/NSD muda/ASP ./Z-- Dari/R-- fase-fase/NSD PAD/PAD PAD/PAD perkembangbiakan/NSD paku/NSD tersebut/PRN dapat/VSB disusun/VSP secara/R-- urut/ASP adalah/VSB",C4-Menganalisis
"Berikut adalah fase-fase dalam perkembangbiakan tumbuhan paku, urutkan secara tepat: 1) tumbuhan paku dengan sporangium, 2) protalium, 3) spora, 4) zigot, 5) embrio, 6) tumbuhan paku muda.",072v003,"0,29",3,"Berikut/ASP adalah/VSB fase-fase/NSD PAD/PAD PAD/PAD dalam/R-- perkembangbiakan/NSD tumbuhan/NSD paku/NSD ,/Z-- urutkan/VSA secara/R-- tepat/ASP :/Z-- 1/O-- )/Z-- tumbuhan/NSD paku/NSD dengan/R-- sporangium/NSD ,/Z-- 2/O-- )/Z-- protalium/NSD ,/Z-- 3/O-- )/Z-- spora/NSD ,/Z-- 4/O-- )/Z-- zigot/NSD ,/Z-- 5/O-- )/Z-- embrio/NSD ,/Z-- 6/O-- )/Z-- tumbuhan/NSD paku/NSD muda/ASP ./Z--",C4-Menganalisis
Bagian tumbuhan Pteridophyta yang membentuk gamet adalah,073v001,"0,45",2,Bagian/NSD tumbuhan/NSD Pteridophyta/NSD yang/S-- membentuk/VSA gamet/NSD adalah/VSB,C1-Mengingat
"Pada tumbuhan Pteridophyta, gamet terbentuk di bagian",073v002,"0,00",3,"Pada/R-- tumbuhan/NSD Pteridophyta/NSD ,/Z-- gamet/NSD terbentuk/VSP di/R-- bagian/NSD",C1-Mengingat
Struktur yang menghasilkan gamet pada tumbuhan Pteridophyta ada di bagian,073v003,"0,00",3,Struktur/NSD yang/S-- menghasilkan/VSA gamet/NSD pada/R-- tumbuhan/NSD Pteridophyta/NSD ada/VSB di/R-- bagian/NSD,C1-Mengingat
Protalium adalah bagian dari generasi paku yang menghasilkan,082v001,"0,46",2,Protalium/NSD adalah/VSB bagian/NSD dari/R-- generasi/NSD paku/NSD yang/S-- menghasilkan/VSA,C1-Mengingat
Protalium termasuk generasi pada tumbuhan paku yang menghasilkan,082v002,"0,63",2,Protalium/NSD termasuk/VSB generasi/NSD pada/R-- tumbuhan/NSD paku/NSD yang/S-- menghasilkan/VSA,C1-Mengingat
Generasi tumbuhan paku yang menghasilkan protalium adalah,082v003,"0,33",2,Generasi/NSD tumbuhan/NSD paku/NSD yang/S-- menghasilkan/VSA protalium/NSD adalah/VSB,C1-Mengingat
Tumbuhan manakah yang memiliki kabium,088v001,"0,36",2,Tumbuhan/NSD manakah/PRQ PAD/PAD yang/S-- memiliki/VSA kabium/NSD,C1-Mengingat
Tumbuhan apa yang memiliki kambium,088v002,"0,50",2,Tumbuhan/NSD apa/PRQ yang/S-- memiliki/VSA kambium/NSD,C1-Mengingat
Contoh tumbuhan yang memiliki kabium,088v003,"0,75",1,Contoh/NSD tumbuhan/NSD yang/S-- memiliki/VSA kabium/NSD,C1-Mengingat
Pipa kapiler yang mengangkut air di dalam tubuh tumbuhan adalah,089v001,"0,50",2,Pipa/NSD kapiler/NSD yang/S-- mengangkut/VSA air/NSD di/R-- dalam/R-- tubuh/NSD tumbuhan/NSD adalah/VSB,C1-Mengingat
Pipa kapiler yang berperan dalam pengangkutan air di dalam tubuh tumbuhan adalah,089v002,"0,71",1,Pipa/NSD kapiler/NSD yang/S-- berperan/VSA dalam/R-- pengangkutan/NSD air/NSD di/R-- dalam/R-- tubuh/NSD tumbuhan/NSD adalah/VSB,C1-Mengingat
"Untuk mengangkut air di dalam tubuh tumbuhan, digunakan pipa kapiler yang disebut",089v003,"0,50",2,"Untuk/R-- mengangkut/VSA air/NSD di/R-- dalam/R-- tubuh/NSD tumbuhan/NSD ,/Z-- digunakan/VSP pipa/NSD kapiler/NSD yang/S-- disebut/VSP",C1-Mengingat
Sporangium adalah struktur,092v001,"0,60",2,Sporangium/NSD adalah/VSB struktur/NSD,C1-Mengingat
Pengertin sporangium yaitu,092v002,"0,33",2,Pengertian/NSD sporangium/NSD yaitu/VSB,C1-Mengingat
Sporangium adalah,092v003,"0,20",3,Sporangium/NSD adalah/VSB,C1-Mengingat
"Dalam anatomi biji monokotil, bagian yang menyimpan cadangan makanan adalah",095v001,"0,63",2,"Dalam/R-- anatomi/NSD biji/NSD monokotil/NSD ,/Z-- bagian/NSD yang/S-- menyimpan/VSA cadangan/NSD makanan/NSD adalah/VSB",C1-Mengingat
Bagian biji monokotil yang berfungsi sebagai tempat cadangan makanan adalah,095v002,"0,73",1,Bagian/NSD biji/NSD monokotil/NSD yang/S-- berfungsi/VSA sebagai/R-- tempat/NSD cadangan/NSD makanan/NSD adalah/VSB,C1-Mengingat
"Pada anatomi biji monokotil, bagian biji yang berperan untuk cadangan makanan adalah",095v003,"0,75",1,"Pada/R-- anatomi/NSD biji/NSD monokotil/NSD ,/Z-- bagian/NSD biji/NSD yang/S-- berperan/VSA untuk/R-- cadangan/NSD makanan/NSD adalah/VSB",C1-Mengingat
Pinus adalah bagian dari kelompok Gymnospermae dari divisi,097v001,"0,40",2,Pinus/NSB adalah/VSB bagian/NSD dari/R-- kelompok/NSD Gymnospermae/X-- dari/R-- divisi/NSD,C1-Mengingat
"Dalam divisi, Pinus termasuk ke dalam anggota Gymnospermae",097v002,"0,11",3,"Dalam/R-- divisi/NSD ,/Z-- Pinus/NSB termasuk/VSA ke/R-- dalam/R-- anggota/NSD Gymnospermae/X--",C1-Mengingat
Anggota Gymnospermae dalam divisi termasuk,097v003,"0,43",2,Anggota/NSD Gymnospermae/X-- dalam/R-- divisi/NSD termasuk/VSA,C1-Mengingat
"Berikut ini adalah beberapa spesies dari kingdom Plantae yang sering digunakan sebagai sumber utama karbohidrat, seperti",099v001,"0,56",2,"Berikut/R-- ini/X-- adalah/VSB beberapa/X-- spesies/NSD dari/R-- kingdom/NSD Plantae/X-- yang/S-- sering/B-- digunakan/VSP sebagai/R-- sumber/NSD utama/ASP karbohidrat/NSD ,/Z-- seperti/R--",C1-Mengingat
Contoh-contoh spesies dari kingdom Plantae yang umumnya menjadi sumber utama karbohidrat adalah,099v002,"1,00",1,Contoh-contoh/NSD PAD/PAD PAD/PAD spesies/NSD dari/R-- kingdom/NSD Plantae/X-- yang/S-- umumnya/B-- PAD/PAD menjadi/VSA sumber/NSD utama/ASP karbohidrat/NSD adalah/VSB,C1-Mengingat
Spesies dari kingdom Plantae yang biasanya digunakan sebagai sumber utama karbohidrat meliputi,099v003,"0,57",2,Spesies/NSD dari/R-- kingdom/NSD Plantae/X-- yang/S-- biasanya/B-- PAD/PAD digunakan/VSP sebagai/R-- sumber/NSD utama/ASP karbohidrat/NSD meliputi/VSA,C1-Mengingat
CO2 bisa mengakibatkan,102v001,"0,44",2,CO2/NSB bisa/VSA mengakibatkan/VSA,C1-Mengingat
CO2 adalah polutan udara yang dapat menyebabkan,102v002,"0,67",2,CO2/NSB adalah/VSB polutan/NSD udara/NSD yang/S-- dapat/VSA menyebabkan/VSA,C1-Mengingat
Dampak polutan udara adalah,102v003,"0,46",2,Dampak/NSD polutan/NSD udara/NSD adalah/VSB,C1-Mengingat
Pernyataan yang salah adalah,105v001,"0,52",2,Pernyataan/NSD yang/S-- salah/ASP adalah/VSB,C1-Mengingat
Pernyataan yang tidak tepat tentang perlindungan lingkungan adalah,105v002,"0,80",1,Pernyataan/NSD yang/S-- tidak/B-- tepat/ASP tentang/R-- perlindungan/NSD lingkungan/NSD adalah/VSB,C1-Mengingat
Pernyataan yang tidak benar adalah,105v003,"0,50",2,Pernyataan/NSD yang/S-- tidak/B-- benar/ASP adalah/VSB,C1-Mengingat
"Bencana banjir yang melanda beberapa kota tidak hanya disebabkan oleh tingginya curah hujan. Faktor kerusakan hutan di kawasan tangkapan air wilayah hulu sungai diidentifikasi sebagai penyebab utama sering terjadinya banjir. Dampaknya juga berupa pendangkalan sungai. Kerusakan hutan disebabkan oleh beberapa kegiatan manusia, antara lain pembelakan liar dan penambangan liar. Kerusakan hutan juga banyak terjadi akibat kebakaran hutan, alih fungsi hutan menjadi kebun kelapa sawit, pertambangan batu baru, dan penambangan emas liar. Cara mengatasi permasalahan tersebut adalah",106v001,"0,50",2,"Bencana/NSD banjir/NSD yang/S-- melanda/VSA beberapa/D-- kota/NSD tidak/B-- hanya/R-- disebabkan/VSP oleh/R-- tingginya/NSD PAD/PAD curah/NSD hujan/NSD ./Z-- Faktor/NSD kerusakan/NSD hutan/NSD di/R-- kawasan/NSD tangkapan/NSD air/NSD wilayah/NSD hulu/NSD sungai/NSD diidentifikasi/VSP sebagai/R-- penyebab/NSD utama/ASP sering/R-- terjadinya/VSP PAD/PAD banjir/NSD ./Z-- Dampaknya/NSD PAD/PAD juga/R-- berupa/VSA pendangkalan/NSD sungai/NSD ./Z-- Kerusakan/NSD hutan/NSD disebabkan/VSP oleh/R-- beberapa/D-- kegiatan/NSD manusia/NSD ,/Z-- antara/R-- lain/R-- pembalakan/NSD liar/ASP dan/CC- penambangan/NSD liar/ASP ./Z-- Kerusakan/NSD hutan/NSD juga/R-- banyak/R-- terjadi/VSA akibat/R-- kebakaran/NSD hutan/NSD ,/Z-- alih/NSD fungsi/NSD hutan/NSD menjadi/VSA kebun/NSD kelapa/NSD sawit/NSD ,/Z-- pertambangan/NSD batu/NSD bara/NSD ,/Z-- dan/CC- penambangan/NSD emas/NSD liar/ASP ./Z-- Cara/NSD mengatasi/VSA permasalahan/NSD tersebut/D-- adalah/VSA",C5-Mengevaluasi
"Bencana banjir yang menghantam beberapa kota tidak hanya disebabkan oleh tingginya curah hujan. Kerusakan hutan di daerah tangkapan air di hulu sungai diidentifikasi sebagai penyebab utama seringnya terjadinya banjir, yang juga menyebabkan pendangkalan sungai. Kerusakan hutan ini disebabkan oleh berbagai kegiatan manusia seperti pembalakan liar dan penambangan ilegal. Selain itu, kebakaran hutan, konversi hutan menjadi kebun kelapa sawit, pertambangan batu bara, dan penambangan emas liar juga berkontribusi terhadap kerusakan hutan. Upaya untuk mengatasi permasalahan ini adalah",106v002,"0,29",3,"Bencana/NSD banjir/NSD yang/S-- menghantam/VSA beberapa/O-- kota/NSD tidak/B-- hanya/B-- disebabkan/VSP oleh/R-- tingginya/NSD PAD/PAD curah/NSD hujan/NSD ./Z-- Kerusakan/NSD hutan/NSD di/R-- daerah/NSD tangkapan/NSD air/NSD di/R-- hulu/NSD sungai/NSD diidentifikasi/VSP sebagai/R-- penyebab/NSD utama/ASP seringnya/B-- PAD/PAD terjadinya/NSD PAD/PAD banjir/NSD ,/Z-- yang/S-- juga/B-- menyebabkan/VSA pendangkalan/NSD sungai/NSD ./Z-- Kerusakan/NSD hutan/NSD ini/PR- disebabkan/VSP oleh/R-- berbagai/O-- kegiatan/NSD manusia/NSD seperti/R-- pembalakan/NSD liar/ASP dan/CC- penambangan/NSD ilegal/ASP ./Z-- Selain/R-- itu/B-- ,/Z-- kebakaran/NSD hutan/NSD ,/Z-- konversi/NSD hutan/NSD menjadi/VSA kebun/NSD kelapa/NSD sawit/NSD ,/Z-- pertambangan/NSD batu/NSD bara/NSD ,/Z-- dan/CC- penambangan/NSD emas/NSD liar/ASP juga/B-- berkontribusi/VSA terhadap/R-- kerusakan/NSD hutan/NSD ./Z-- Upaya/NSD untuk/R-- mengatasi/VSA permasalahan/NSD ini/PR- adalah/VSB",C5-Mengevaluasi
"Langkah-langkah untuk mengatasi bencana seperti banjir, tanah longsor adalah",106v003,"0,20",3,"Langkah-langkah/NSD PAD/PAD PAD/PAD untuk/R-- mengatasi/VSA bencana/NSD seperti/R-- banjir/NSD ,/Z-- tanah/NSD longsor/NSD adalah/VSB",C5-Mengevaluasi
Pengelolaan biologis dianggap paling efektif dalam penanganan limbah dari bahan berbahaya dan beracun (limbah B3) karena,108v001,"0,43",2,Pengelolaan/NSD biologis/ASP dianggap/VSP paling/B-- efektif/ASP dalam/R-- penanganan/NSD limbah/NSD dari/R-- bahan/NSD berbahaya/ASP dan/CC- beracun/ASP (/Z-- limbah/NSD B3/X-- )/Z-- karena/R--,C2-Memahami
Cara terbaik untuk mengatasi limbah dari bahan berbahaya dan beracun (limbah B3) adalah dengan pengelolaan secara biologis karena,108v002,"0,25",3,Cara/NSD terbaik/ASP untuk/R-- mengatasi/VSA limbah/NSD dari/R-- bahan/NSD berbahaya/ASP dan/CC- beracun/ASP (/Z-- limbah/NSD B3/X-- )/Z-- adalah/VSB dengan/R-- pengelolaan/NSD secara/R-- biologis/ASP karena/R--,C2-Memahami
Pengelolaan biologis dianggap sebagai solusi terbaik dalam menanggulangi limbah dari bahan berbahaya dan beracun (limbah B3) karena,108v003,"0,00",3,Pengelolaan/NSD biologis/ASP dianggap/VSP sebagai/R-- solusi/NSD terbaik/ASP dalam/R-- menanggulangi/VSA limbah/NSD dari/R-- bahan/NSD berbahaya/ASP dan/CC- beracun/ASP (/Z-- limbah/NSD B3/X-- )/Z-- karena/R--,C2-Memahami
"Untuk mengendalikan populasi serangga yang merusak tanaman pertanian secara serius tanpa dampak negatif bagi lingkungan, metode yang digunakan adalah",112v001,"0,50",2,"Untuk/R-- mengendalikan/VSA populasi/NSD serangga/NSD yang/S-- merusak/VSA tanaman/NSD pertanian/NSD secara/R-- serius/ASP tanpa/R-- dampak/NSD negatif/ASP bagi/R-- lingkungan/NSD ,/Z-- metode/NSD yang/S-- digunakan/VSP adalah/VSB",C1-Mengingat
Meningkatmya populasi sejenis Insecta yang merusak tanaman pertanian perlu dikendalikan secara serius. Cara pengendalian yang tidak menimbulkan dampak negtif bagi lingkungan adalah,112v002,"0,00",3,Meningkatnya/NSD PAD/PAD populasi/NSD sejenis/ASP Insecta/NSD yang/S-- merusak/VSA tanaman/NSD pertanian/NSD perlu/VSA dikendalikan/VSP secara/R-- serius/ASP ./Z-- Cara/NSD pengendalian/NSD yang/S-- tidak/B-- menimbulkan/VSA dampak/NSD negatif/ASP bagi/R-- lingkungan/NSD adalah/VSB,C1-Mengingat
Populasi serangga perusak tanaman pertanian yang meningkat perlu dikendalikan dengan serius. Cara pengendalian yang ramah lingkungan adalah,112v003,"0,00",3,Populasi/NSD serangga/NSD perusak/NSD tanaman/NSD pertanian/NSD yang/S-- meningkat/VSA perlu/VSA dikendalikan/VSP dengan/R-- serius/ASP ./Z-- Cara/NSD pengendalian/NSD yang/S-- ramah/ASP lingkungan/NSD adalah/VSB,C1-Mengingat
Pencemaran sampah plastik dalam tanah selain mengurangi kemampuan daya dukung tanah juga merupakan polutan yang tidak dapat diuraikan. Untuk menanggulanginya dilakukan,113v001,"0,53",2,Pencemaran/NSD sampah/NSD plastik/NSD dalam/R-- tanah/NSD selain/R-- mengurangi/VSA kemampuan/NSD daya/NSD dukung/NSD tanah/NSD juga/B-- merupakan/VSB polutan/NSD yang/S-- tidak/B-- dapat/VSA diuraikan/VSP ./Z-- Untuk/R-- menanggulanginya/VSA PAD/PAD dilakukan/VSP,C1-Mengingat
"Selain mengurangi kemampuan daya dukung tanah, pencemaran sampah plastik juga tidak dapat diuraikan. Upaya untuk menanggulangi hal ini adalah",113v002,"0,70",2,"Selain/R-- mengurangi/VSA kemampuan/NSD daya/NSD dukung/NSD tanah/NSD ,/Z-- pencemaran/NSD sampah/NSD plastik/NSD juga/B-- tidak/B-- dapat/VSA diuraikan/VSP ./Z-- Upaya/NSD untuk/R-- menanggulangi/VSA hal/NSD ini/PR- adalah/VSB",C1-Mengingat
Pencemaran plastik dalam tanah mengurangi daya dukung tanah dan tidak bisa diuraikan. Upaya penanggulangannya adalah,113v003,"0,00",3,Pencemaran/NSD plastik/NSD dalam/R-- tanah/NSD mengurangi/VSA daya/NSD dukung/NSD tanah/NSD dan/CC- tidak/B-- bisa/VSA diuraikan/VSP ./Z-- Upaya/NSD penanggulangannya/NSD PAD/PAD adalah/VSB,C1-Mengingat
Penggunaan kendaraan bermotor dan alat-alat yang mengandung CFC bisa menyebabkan,114v001,"0,41",2,Penggunaan/NSD kendaraan/NSD bermotor/ASP dan/CC- alat-alat/NSD PAD/PAD PAD/PAD yang/S-- mengandung/VSA CFC/NSD bisa/VSA menyebabkan/VSA,C1-Mengingat
Kendaraan bermotor dan alat-alat dengan CFC dapat mengakibatkan,114v002,"0,75",1,Kendaraan/NSD bermotor/ASP dan/CC- alat-alat/NSD PAD/PAD PAD/PAD dengan/R-- CFC/NSD dapat/VSA mengakibatkan/VSA,C1-Mengingat
Akibat dari penggunaan kendaraan bermotor dan alat-alat yang mengandung CFC adalah,114v003,"0,00",3,Akibat/NSD dari/R-- penggunaan/NSD kendaraan/NSD bermotor/ASP dan/CC- alat-alat/NSD PAD/PAD PAD/PAD yang/S-- mengandung/VSA CFC/NSD adalah/VSB,C1-Mengingat
Tindakan yang kita lakukan untuk menerapkan prinsip etika lingkungan tersebut adalah,115v001,"0,23",3,Tindakan/NSD yang/S-- kita/PR- lakukan/VSA untuk/R-- menerapkan/VSA prinsip/NSD etika/NSD lingkungan/NSD tersebut/PR- adalah/VSB,C1-Mengingat
"Dalam rangka menerapkan prinsip etika lingkungan tersebut, tindakan yang kita ambil adalah",115v002,"0,00",3,"Dalam/R-- rangka/NSD menerapkan/VSA prinsip/NSD etika/NSD lingkungan/NSD tersebut/T-- ,/Z-- tindakan/NSD yang/S-- kita/G-- ambil/VSA adalah/VSP",C1-Mengingat
"Untuk menjalankan prinsip etika lingkungan itu, kita perlu melakukan tindakan",115v003,"0,09",3,"Untuk/R-- menjalankan/VSA prinsip/NSD etika/NSD lingkungan/NSD itu/T-- ,/Z-- kita/G-- perlu/VSA melakukan/VSA tindakan/NSD",C1-Mengingat
Salah satu pengaruh hutan terhadap lingkungan adalah hubungannya dengan iklim. Ini terjadi karena hutan,116v001,"0,38",2,Salah/ASP satu/O-- pengaruh/NSD hutan/NSD terhadap/R-- lingkungan/NSD adalah/VSP hubungannya/NSD PAD/PAD dengan/R-- iklim/NSD ./Z-- Ini/G-- terjadi/VSA karena/S-- hutan/NSD,C2-Memahami
"Hutan mempengaruhi lingkungan, terutama dalam hal iklim. Ini karena hutan",116v002,"0,00",3,"Hutan/NSD mempengaruhi/VSA lingkungan/NSD ,/Z-- terutama/B-- dalam/R-- hal/NSD iklim/NSD ./Z-- Ini/G-- karena/S-- hutan/NSD",C2-Memahami
Pengaruh hutan terhadap lingkungan mencakup iklim. Hal ini disebabkan oleh hutan yang,116v003,"0,33",2,"Pengaruh/NSD hutan/NSD terhadap/R-- lingkungan/NSD mencakup/VSA iklim/NSD ./Z-- 
Hal/NSD ini/T-- disebabkan/VSP oleh/R-- hutan/NSD yang/S--",C2-Memahami
Yang bukan merupakan ciri umum tumbuhan dikotil adalah,003v001,"0,2",3,Yang/Y-- bukan/B-- merupakan/VSA ciri/NSD umum/ASP tumbuhan/NSD dikotil/NSD adalah/VSA,C2-Memahami
Cara yang benar dan aman saat berada di laboratorium adalah,007v001,"0,20",3,Cara/NSD yang/S-- benar/ASP dan/CC- aman/ASP saat/R-- berada/VSA di/R-- laboratorium/NSD adalah/VSA,C1-Mengingat
Urutan taksonomi tumbuhan mulai dari kelompok terbesar ke terkecil adalah,013v001,"0,75",1,Urutan/NSD taksonomi/NSD tumbuhan/NSD mulai/R-- dari/R-- kelompok/NSD terbesar/ASP ke/R-- terkecil/ASP adalah/VSA,C1-Mengingat
Kelompok bakteri yang tidak bisa membuat makanan sendiri tetapi memanfaatkan organisme lain disebut,016v001,"0,20",3,Kelompok/NSD bakteri/NSD yang/S-- tidak/B-- bisa/VSA membuat/VSA makanan/NSD sendiri/PRN tetapi/CC- memanfaatkan/VSA organisme/NSD lain/PRN disebut/VSP,C1-Mengingat
Tempat terjadinya pembuahan pada bunga tumbuhan berbiji tertutup (Angiospermae) disebut,017v001,"0,71",1,Tempat/NSD terjadinya/VSP pembuahan/NSD pada/R-- bunga/NSD tumbuhan/NSD berbiji/ASP tertutup/ASP (/Z-- Angiospermae/X-- )/Z-- disebut/VSP,C1-Mengingat
Komponen industri berikut yang bisa menyebabkan hujan asam adalah,019v001,"0,08",3,Komponen/NSD industri/NSD berikut/R-- yang/S-- bisa/VSA menyebabkan/VSA hujan/NSD asam/ASP adalah/VSA,C1-Mengingat
"Dalam eksperimen ""Pengaruh zat pewangi pakaian terhadap kehidupan ikan"", ikan yang digunakan memiliki jumlah dan berat yang sama. Ini adalah variabel yang diperhatikan dalam percobaan tersebut",021v001,"0,88",1,"Dalam/R-- eksperimen/NSD ""/Z-- Pengaruh/NSD zat/NSD pewangi/NSD pakaian/NSD terhadap/R-- kehidupan/NSD ikan/NSD ""/Z-- ,/Z-- ikan/NSD yang/S-- digunakan/VSP memiliki/VSA jumlah/NSD dan/CC- berat/NSD yang/S-- sama/ASP ./Z-- Ini/PRN adalah/VSA variabel/NSD yang/S-- diperhatikan/VSP dalam/R-- percobaan/NSD tersebut/PRN",C2-Memahami
Hewan-hewan yang ditemukan di zona persebaran makhluk hidup di wilayah barat Indonesia adalah,024v001,"0,09",3,Hewan-hewan/NSD PAD/PAD PAD/PAD yang/S-- ditemukan/VSP di/R-- zona/NSD persebaran/NSD makhluk/NSD hidup/ASP di/R-- wilayah/NSD barat/NSD Indonesia/NSD adalah/VSA,C1-Mengingat
Daun pada tumbuhan paku berfungsi untuk melakukan proses fotosintesis,025v001,"0,29",3,Daun/NSD pada/R-- tumbuhan/NSD paku/NSD berfungsi/VSP untuk/R-- melakukan/VSA proses/NSD fotosintesis/NSD,C1-Mengingat
Tumbuhan paku dengan spora beragam jenis dan ukuran disebut,026v001,"0,13",3,Tumbuhan/NSD paku/NSD dengan/R-- spora/NSD beragam/ASP jenis/NSD dan/CC- ukuran/NSD disebut/VSP,C1-Mengingat
"Berdasarkan ciri-ciri, nomor yang termasuk ciri tumbuhan biji tertutup adalah 1)Terjadi pembuahan ganda, 2)Bakal biji terbungkus oleh daun buah , 3)Berkeping biji, 4)Daun kaku dan sempit. ",027v001,"0,27",3,"Berdasarkan/R-- ciri-ciri/NSD ,/Z-- nomor/NSD yang/S-- termasuk/VSP ciri/NSD tumbuhan/NSD biji/NSD tertutup/ASP adalah/VSA 1)/Z-- Terjadi/VSP pembuahan/NSD ganda/ASP ,/Z-- 2)/Z-- Bakal/NSD biji/NSD terbungkus/VSP oleh/R-- daun/NSD buah/NSD ,/Z-- 3)/Z-- Berkeping/VSP biji/NSD ,/Z-- 4)/Z-- Daun/NSD kaku/ASP dan/CC- sempit/ASP ./Z--",C1-Mengingat
Bagian pada bunga tumbuhan berbiji tertutup (Angiospermae) di mana pembuahan terjadi disebut,029v001,"0,18",3,"Bagian/NSD pada/R-- bunga/NSD tumbuhan/NSD berbiji/ASP tertutup/ASP (/Z-- Angiospermae/X-- )/Z-- di/R-- mana/PRQ pembuahan/NSD terjadi/VSP disebut/VSP
",C1-Mengingat
Ciri-ciri yang tidak dimiliki oleh tumbuhan lumut adalah,041v001,"0,13",3,Ciri-ciri/NSD PAD/PAD PAD/PAD yang/S-- tidak/ASP dimiliki/VSP oleh/R-- tumbuhan/NSD lumut/NSD adalah/VSA,C1-Mengingat
"Jika spora paku jatuh di lokasi yang sesuai, akan tumbuh menjadi",042v001,"0,25",3,"Jika/S-- spora/NSD paku/NSD jatuh/VSP di/R-- lokasi/NSD yang/S-- sesuai/ASP ,/Z-- akan/VSB tumbuh/VSP menjadi/R--
",C1-Mengingat
"Klasifikasi berdasarkan ciri-ciri morfologi, anatomi, dan fisiologi disebut",048v001,"0,13",3,"Klasifikasi/NSD berdasarkan/R-- ciri-ciri/NSD morfologi/NSD ,/Z-- anatomi/NSD ,/Z-- dan/CC- fisiologi/NSD disebut/VSP",C1-Mengingat
"Tumbuhan berbiji tertutup kelas dikotil dibagi menjadi 3 subkelas berdasarkan ada atau tidaknya daun mahkota bunga, yaitu",049v001,"0,71",1,"Tumbuhan/NSD berbiji/ASP tertutup/ASP kelas/NSD dikotil/NSD dibagi/VSP menjadi/R-- 3/NUM subkelas/NSD berdasarkan/R-- ada/VSP atau/CC- tidak/ASP nya/X-- daun/NSD mahkota/NSD bunga/NSD ,/Z-- yaitu/ASP
",C1-Mengingat
Daftar yang berisi informasi tentang makhluk hidup untuk mengelompokkannya berdasarkan ciri-ciri adalah,051v001,"0,17",3,Daftar/NSD yang/S-- berisi/VSP informasi/NSD tentang/R-- makhluk/NSD hidup/ASP untuk/R-- mengelompokkannya/VSA berdasarkan/R-- ciri-ciri/NSD adalah/VSA,C2-Memahami
Limbah yang membutuhkan waktu lama untuk terdegradasi adalah,052v001,"0,22",3,Limbah/NSD yang/S-- membutuhkan/VSP waktu/NSD lama/ASP untuk/R-- terdegradasi/VSP adalah/VSA,C1-Mengingat
Pernyataan yang salah mengenai sistem 4 kingdom adalah,054v001,"0,25",3,Pernyataan/NSD yang/S-- salah/ASP mengenai/R-- sistem/NSD 4/O-- kingdom/NSD adalah/VSA,C2-Memahami
Keanekaragaman jenis terlihat dari perbedaan,056v001,"0,22",3,Keanekaragaman/NSD jenis/NSD terlihat/VSP dari/R-- perbedaan/NSD,C1-Mengingat
Ciri-ciri hewan di wilayah Oriental adalah,057v001,"0,13",3,Ciri-ciri/NSD PAD/PAD PAD/PAD hewan/NSD di/R-- wilayah/NSD Oriental/NSD adalah/VSA,C1-Mengingat
"Bakteri ini menggunakan cahaya matahari sebagai sumber energi dan memiliki pigmen fotosintetik. Berdasarkan sifat hidupnya, bakteri ini termasuk dalam kelompok",060v001,"0,29",3,"Bakteri/NSD ini/PRN menggunakan/VSP cahaya/NSD matahari/NSD sebagai/R-- sumber/NSD energi/NSD dan/CC- memiliki/VSP pigmen/NSD fotosintetik/NSD ./Z-- Berdasarkan/R-- sifat/NSD hidupnya/PRN ,/Z-- bakteri/NSD ini/PRN termasuk/VSP dalam/R-- kelompok/NSD",C2-Memahami
Jenis-jenis tumbuhan yang berbeda dalam satu genus adalah contoh dari keanekaragaman tingkat jenis dalam sistem pengelompokan tumbuhan,061v001,"0,20",3,"Jenis-jenis/NSD tumbuhan/NSD yang/S-- berbeda/ASP dalam/R-- satu/NUM genus/NSD adalah/VSA contoh/NSD dari/R-- keanekaragaman/NSD tingkat/NSD jenis/NSD dalam/R-- sistem/NSD pengelompokan/NSD tumbuhan/NSD
",C2-Memahami
Bakteri yang membantu dalam pembuatan keju sebagai salah satu produk makanan,063v001,"0,17",3,Bakteri/NSD yang/S-- membantu/VSP dalam/R-- pembuatan/NSD keju/NSD sebagai/R-- salah/ASP satu/O-- produk/NSD makanan/NSD,C1-Mengingat
Urutan yang benar dari ujung ke pangkal bagian-bagian daun tumbuhan lumut adalah,069v001,"0,25",3,Urutan/NSD yang/S-- benar/ASP dari/R-- ujung/NSD ke/CC- pangkal/NSD bagian-bagian/NSD daun/NSD tumbuhan/NSD lumut/NSD adalah/VSA,C2-Memahami
"Pada siklus hidup tumbuhan lumut, fase setelah spora adalah",071v001,"0,22",3,"Pada/R-- siklus/NSD hidup/NSD tumbuhan/NSD lumut/NSD ,/Z-- fase/NSD setelah/R-- spora/NSD adalah/VSA",C1-Mengingat
Tidak ada pembuluh angkut pada,075v001,"0,18",3,Tidak/ASP ada/VSP pembuluh/NSD angkut/NSD pada/R--,C1-Mengingat
Pengelompokan organisme berdasarkan,076v001,"0,13",3,Pengelompokan/NSD organisme/NSD berdasarkan/R--,C4-Menganalisis
Bagian sel bakteri yang dimaksud memiliki DNA non-kromosom sirkuler yang lebih kecil dari DNA kromosom,077v001,"0,20",3,"Bagian/NSD sel/NSD bakteri/NSD yang/S-- dimaksud/VSP memiliki/VSP DNA/NSD non-kromosom/NSD sirkuler/NSD yang/S-- lebih/ASP kecil/ASP dari/R-- DNA/NSD kromosom/NSD
",C1-Mengingat
Selaginella diklasifikasikan sebagai paku heterospora karena,079v001,"0,13",3,Selaginella/NSD diklasifikasikan/VSP sebagai/R-- paku/NSD heterospora/NSD karena/S--,C1-Mengingat
Bakteri ini dapat merusak taman anggrek,081v001,"0,17",3,Bakteri/NSD ini/PRN dapat/VSP merusak/VSP taman/NSD anggrek/NSD,C1-Mengingat
Salah satu hal yang tidak termasuk dalam ketentuan sistem binomial nomenklatur adalah,083v001,"0,13",3,Salah/ASP satu/O-- hal/NSD yang/S-- tidak/ASP termasuk/VSP dalam/R-- ketentuan/NSD sistem/NSD binomial/NSD nomenklatur/NSD adalah/VSA,C1-Mengingat
Peneliti mengamati lingkungan X dan melihat banyak bayi lahir cacat. Kekurangan gizi dan kondisi lingkungan yang buruk adalah penyebabnya. Kasus ini berhubungan dengan bidang studi,084v001,"0,22",3,Peneliti/NSD mengamati/VSP lingkungan/NSD X/NSD dan/CC- melihat/VSP banyak/ASP bayi/NSD lahir/VSP cacat/ASP ./. Kekurangan/NSD gizi/NSD dan/CC- kondisi/NSD lingkungan/NSD yang/S-- buruk/ASP adalah/VSA penyebabnya/NSD ./Z-- Kasus/NSD ini/PRN berhubungan/VSP dengan/R-- bidang/NSD studi/NSD,C2-Memahami
Siapa yang mengatakan bahwa makhluk hidup dibagi menjadi dua kingdom,085v001,"0,20",3,Siapa/PRN yang/S-- mengatakan/VSP bahwa/S-- makhluk/NSD hidup/NSD dibagi/VSP menjadi/R-- dua/O-- kingdom/NSD,C1-Mengingat
Beberapa perubahan lingkungan yang disebabkan oleh aktivitas manusia,087v001,"0,25",3,Beberapa/ASP perubahan/NSD lingkungan/NSD yang/S-- disebabkan/VSP oleh/R-- aktivitas/NSD manusia/NSD,C2-Memahami
Seseorang akan melakukan transplantasi hati. Hati dipelajari pada tingkat organisasi,090v001,"0,23",3,Seseorang/NSD akan/VSP melakukan/VSP transplantasi/NSD hati/NSD ./Z-- Hati/NSD dipelajari/VSP pada/R-- tingkat/NSD organisasi/NSD,C1-Mengingat
Konversi hutan menjadi perkebunan dapat mengakibatkan ketidakseimbangan lingkungan karena,091v001,"0,20",3,Konversi/NSD hutan/NSD menjadi/VSP perkebunan/NSD dapat/VSP mengakibatkan/VSP ketidakseimbangan/NSD lingkungan/NSD karena/R--,C1-Mengingat
Tumbuhan lumut tersebar luas di seluruh dunia karena,094v001,"0,17",3,Tumbuhan/NSD lumut/NSD tersebar/VSP luas/ASP di/R-- seluruh/NSD dunia/NSD karena/R--,C2-Memahami
Keanekaragaman jenis tertinggi terdapat di dalam ekosistem.,098v001,"0,17",3,Keanekaragaman/NSD jenis/NSD tertinggi/ASP terdapat/VSP di/R-- dalam/R-- ekosistem/NSD ./Z--,C2-Memahami
Pengolahan sampah organik yang benar adalah,101v001,"0,14",3,Pengolahan/NSD sampah/NSD organik/NSD yang/S-- benar/ASP adalah/VSA,C2-Memahami
Tumbuhan yang termasuk dalam kelompok Gymnospermae adalah,103v001,"0,20",3,Tumbuhan/NSD yang/S-- termasuk/VSP dalam/R-- kelompok/NSD Gymnospermae/NSD adalah/VSA,C1-Mengingat
"Kejadian berikut ini, yang tidak dipelajari dalam ilmu biologi",107v001,"0,88",1,"Kejadian/NSD berikut/ASP ini/PRN ,/Z-- yang/S-- tidak/ASP dipelajari/VSP dalam/R-- ilmu/NSD biologi/NSD",C1-Mengingat
Struktur pada Bryophyta yang menyerupai akar dan berfungsi membawa air serta nutrisi ke jaringan adalah,109v001,"0,08",3,Struktur/NSD pada/R-- Bryophyta/NSD yang/S-- menyerupai/VSP akar/NSD dan/CC- berfungsi/VSP membawa/VSP air/NSD serta/CC- nutrisi/NSD ke/R-- jaringan/NSD adalah/VSA,C1-Mengingat
"Bryophyta adalah tumbuhan yang masih memiliki ciri-ciri tumbuhan talus, yaitu",111v001,"0,14",3,"Bryophyta/NSD adalah/VSA tumbuhan/NSD yang/S-- masih/ASP memiliki/VSP ciri-ciri/NSD tumbuhan/NSD talus/NSD ,/Z-- yaitu/PRN",C1-Mengingat